company,email
Karza Technologies Private Limited,cs22m035@smail.iitm.ac.in
Web3Auth,cs22m035@smail.iitm.ac.in
"Roche information solution,India",cs22m035@smail.iitm.ac.in
LTI - Larsen & Toubro Infotech,cs22m035@smail.iitm.ac.in
Gyan Data,cs22m035@smail.iitm.ac.in
Soroco,cs22m035@smail.iitm.ac.in
Publicis Sapient,cs22m035@smail.iitm.ac.in
lenskart,cs22m035@smail.iitm.ac.in
Evalueserve,cs22m035@smail.iitm.ac.in
blackfigtech,cs22m035@smail.iitm.ac.in
citrix,cs22m035@smail.iitm.ac.in
chargebee,cs22m035@smail.iitm.ac.in
hitachi,cs22m035@smail.iitm.ac.in
Publicis Sapient,cs22m035@smail.iitm.ac.in
western digital,cs22m035@smail.iitm.ac.in
infor,cs22m035@smail.iitm.ac.in
Abzooba,cs22m035@smail.iitm.ac.in
valeo,cs22m035@smail.iitm.ac.in
Cogoport,cs22m035@smail.iitm.ac.in
Wint Wealth,cs22m035@smail.iitm.ac.in
Square Yards,cs22m035@smail.iitm.ac.in
JIO,cs22m035@smail.iitm.ac.in
subex,cs22m035@smail.iitm.ac.in
credit suisse,cs22m035@smail.iitm.ac.in
TEOCO,cs22m035@smail.iitm.ac.in
Ignitarium,cs22m035@smail.iitm.ac.in
apple ,cs22m035@smail.iitm.ac.in
dell,cs22m035@smail.iitm.ac.in
dell,cs22m035@smail.iitm.ac.in
intellikart,cs22m035@smail.iitm.ac.in
jio,cs22m035@smail.iitm.ac.in
ust,cs22m035@smail.iitm.ac.in
DISH Network Technologies,cs22m035@smail.iitm.ac.in
Mindteck,cs22m035@smail.iitm.ac.in
mindtickle,cs22m035@smail.iitm.ac.in
cred,cs22m035@smail.iitm.ac.in
tide,cs22m035@smail.iitm.ac.in
Wekan Enterprise Solutions,cs22m035@smail.iitm.ac.in
Wekan Enterprise Solutions,cs22m035@smail.iitm.ac.in
VISA,cs22m035@smail.iitm.ac.in
VISA,cs22m035@smail.iitm.ac.in
DP World,cs22m035@smail.iitm.ac.in